Date,Time,Lat,Lon
18/1/2026,6:39:4,14.214553,101.179087
18/1/2026,6:39:5,14.214546,101.179075
18/1/2026,6:39:6,14.214538,101.17907
18/1/2026,6:39:7,14.214532,101.179061
18/1/2026,6:39:8,14.214526,101.179052
18/1/2026,6:39:9,14.214517,101.179049
18/1/2026,6:39:10,14.214512,101.179051
18/1/2026,6:39:11,14.214508,101.179049
18/1/2026,6:39:12,14.214502,101.179046
18/1/2026,6:39:13,14.214493,101.17904
18/1/2026,6:39:14,14.214488,101.179039
18/1/2026,6:39:15,14.214482,101.17904
18/1/2026,6:39:16,14.214477,101.179042
18/1/2026,6:39:17,14.214471,101.179044
18/1/2026,6:39:18,14.214466,101.179052
18/1/2026,6:39:19,14.214465,101.179059
18/1/2026,6:39:20,14.214467,101.179061
18/1/2026,6:39:21,14.214471,101.179065
18/1/2026,6:39:22,14.214478,101.179072
18/1/2026,6:39:23,14.214483,101.179075
18/1/2026,6:39:24,14.214491,101.17908
18/1/2026,6:39:25,14.214503,101.179086
18/1/2026,6:39:26,14.214513,101.179095
18/1/2026,6:39:27,14.214517,101.1791
18/1/2026,6:39:28,14.214523,101.179109
18/1/2026,6:39:29,14.214536,101.179116
18/1/2026,6:39:30,14.214541,101.179119
18/1/2026,6:39:31,14.214544,101.17912
18/1/2026,6:39:32,14.214542,101.179123
18/1/2026,6:39:33,14.214545,101.179129
18/1/2026,6:39:34,14.214545,101.179138
18/1/2026,6:39:35,14.214548,101.179148
18/1/2026,6:39:36,14.214551,101.179157
18/1/2026,6:39:37,14.214555,101.179166
18/1/2026,6:39:38,14.214557,101.179175
18/1/2026,6:39:39,14.214564,101.179179
18/1/2026,6:39:40,14.214572,101.179184
18/1/2026,6:39:41,14.214576,101.179188
18/1/2026,6:39:42,14.214579,101.179191
18/1/2026,6:39:43,14.214583,101.179195
18/1/2026,6:39:44,14.214589,101.179202
18/1/2026,6:39:45,14.214592,101.179206
18/1/2026,6:39:46,14.214595,101.179212
18/1/2026,6:39:47,14.214596,101.179218
18/1/2026,6:39:48,14.214594,101.17922
18/1/2026,6:39:49,14.214586,101.179215
18/1/2026,6:39:50,14.214583,101.179212
18/1/2026,6:39:51,14.214583,101.179212
18/1/2026,6:39:52,14.214587,101.179217
18/1/2026,6:39:53,14.214591,101.179222
18/1/2026,6:39:54,14.214595,101.179225
18/1/2026,6:39:55,14.214597,101.179228
18/1/2026,6:39:56,14.2146,101.179231
18/1/2026,6:39:57,14.2146,101.17923
18/1/2026,6:39:58,14.214605,101.17923
18/1/2026,6:39:59,14.214607,101.179232
18/1/2026,6:40:0,14.214608,101.179236
18/1/2026,6:40:1,14.21461,101.179244
18/1/2026,6:40:2,14.214608,101.179254
18/1/2026,6:40:3,14.214607,101.179262
18/1/2026,6:40:4,14.214611,101.179267
18/1/2026,6:40:5,14.214615,101.179269
18/1/2026,6:40:6,14.214621,101.179266
18/1/2026,6:40:7,14.214628,101.179265
18/1/2026,6:40:8,14.214634,101.179267
18/1/2026,6:40:9,14.214638,101.179272
18/1/2026,6:40:10,14.214645,101.179276
18/1/2026,6:40:11,14.214652,101.17928
18/1/2026,6:40:12,14.214656,101.179286
18/1/2026,6:40:13,14.214662,101.179293
18/1/2026,6:40:14,14.214667,101.179299
18/1/2026,6:40:15,14.214672,101.179304
18/1/2026,6:40:16,14.214679,101.179311
18/1/2026,6:40:17,14.214687,101.179319
18/1/2026,6:40:18,14.214695,101.179324
18/1/2026,6:40:19,14.214701,101.179328
18/1/2026,6:40:20,14.214707,101.179336
18/1/2026,6:40:21,14.214714,101.179343
18/1/2026,6:40:22,14.214718,101.179349
18/1/2026,6:40:23,14.214722,101.179354
18/1/2026,6:40:24,14.214726,101.179359
18/1/2026,6:40:25,14.214731,101.179361
18/1/2026,6:40:26,14.214733,101.179363
18/1/2026,6:40:27,14.214734,101.179364
18/1/2026,6:40:28,14.214734,101.179364
18/1/2026,6:40:29,14.214735,101.179363
18/1/2026,6:40:30,14.214735,101.179363
18/1/2026,6:40:31,14.214737,101.179365
18/1/2026,6:40:32,14.21474,101.179367
18/1/2026,6:40:33,14.214744,101.179368
18/1/2026,6:40:34,14.214747,101.179369
18/1/2026,6:40:35,14.214747,101.179368
18/1/2026,6:40:36,14.214747,101.179367
18/1/2026,6:40:37,14.214747,101.179366
18/1/2026,6:40:38,14.214747,101.179365
18/1/2026,6:40:39,14.214748,101.179365
18/1/2026,6:40:40,14.214749,101.179363
18/1/2026,6:40:41,14.214751,101.179361
18/1/2026,6:40:42,14.214755,101.179357
18/1/2026,6:40:43,14.214758,101.179353
18/1/2026,6:40:44,14.214761,101.179348
18/1/2026,6:40:45,14.214761,101.179343
18/1/2026,6:40:46,14.214761,101.179338
18/1/2026,6:40:47,14.214762,101.179333
18/1/2026,6:40:48,14.214759,101.179328
18/1/2026,6:40:49,14.214758,101.179321
18/1/2026,6:40:50,14.214757,101.179314
18/1/2026,6:40:51,14.214754,101.179308
18/1/2026,6:40:52,14.214751,101.179301
18/1/2026,6:40:53,14.214749,101.179296
18/1/2026,6:40:54,14.21475,101.179288
18/1/2026,6:40:55,14.214749,101.179276
18/1/2026,6:40:56,14.214746,101.179267
18/1/2026,6:40:57,14.214743,101.179262
18/1/2026,6:40:58,14.214746,101.179254
18/1/2026,6:40:59,14.214745,101.179246
18/1/2026,6:41:0,14.214744,101.179239
18/1/2026,6:41:1,14.214743,101.179233
18/1/2026,6:41:2,14.214741,101.179226
18/1/2026,6:41:3,14.214739,101.179218
18/1/2026,6:41:4,14.214739,101.179216
18/1/2026,6:41:5,14.214738,101.179217
18/1/2026,6:41:6,14.214737,101.179218
18/1/2026,6:41:7,14.214736,101.179218
18/1/2026,6:41:8,14.214732,101.179214
18/1/2026,6:41:9,14.214728,101.179208
18/1/2026,6:41:10,14.214726,101.179203
18/1/2026,6:41:11,14.214721,101.179198
18/1/2026,6:41:12,14.214715,101.179192
18/1/2026,6:41:13,14.214711,101.179184
18/1/2026,6:41:14,14.214706,101.179177
18/1/2026,6:41:15,14.214698,101.179171
18/1/2026,6:41:16,14.214692,101.17917
18/1/2026,6:41:17,14.214685,101.179172
18/1/2026,6:41:18,14.214674,101.179177
18/1/2026,6:41:19,14.214666,101.179182
18/1/2026,6:41:20,14.214659,101.179186
18/1/2026,6:41:21,14.214654,101.179193
18/1/2026,6:41:22,14.21465,101.179196
18/1/2026,6:41:23,14.214646,101.179196
18/1/2026,6:41:24,14.214641,101.179194
18/1/2026,6:41:25,14.214636,101.179188
18/1/2026,6:41:26,14.214632,101.179183
18/1/2026,6:41:27,14.214629,101.179182
18/1/2026,6:41:28,14.214624,101.179179
18/1/2026,6:41:29,14.214624,101.17918
18/1/2026,6:41:30,14.214624,101.179181
18/1/2026,6:41:31,14.21462,101.179181
18/1/2026,6:41:32,14.214619,101.179182
18/1/2026,6:41:33,14.214623,101.179182
18/1/2026,6:41:34,14.214626,101.179183
18/1/2026,6:41:35,14.214628,101.179182
18/1/2026,6:41:36,14.214628,101.179179
18/1/2026,6:41:37,14.214628,101.179178
18/1/2026,6:41:38,14.214624,101.179178
18/1/2026,6:41:39,14.214617,101.179178
18/1/2026,6:41:40,14.214609,101.179177
18/1/2026,6:41:41,14.214602,101.179174
18/1/2026,6:41:42,14.214596,101.179171
18/1/2026,6:41:43,14.214591,101.179167
18/1/2026,6:41:44,14.214583,101.17916
18/1/2026,6:41:45,14.214575,101.179157
18/1/2026,6:41:46,14.214569,101.179154
18/1/2026,6:41:47,14.214564,101.17915
18/1/2026,6:41:48,14.214557,101.179145
18/1/2026,6:41:49,14.21455,101.179142
18/1/2026,6:41:50,14.214543,101.179137
18/1/2026,6:41:51,14.214537,101.179131
18/1/2026,6:41:52,14.214531,101.179124
18/1/2026,6:41:53,14.214523,101.179119
18/1/2026,6:41:54,14.214519,101.179113
18/1/2026,6:41:55,14.214515,101.179107
18/1/2026,6:41:56,14.21451,101.1791
18/1/2026,6:41:57,14.214503,101.179093
18/1/2026,6:41:58,14.214498,101.179088
18/1/2026,6:41:59,14.214493,101.179082
18/1/2026,6:42:0,14.214486,101.179076
18/1/2026,6:42:1,14.214477,101.17907
18/1/2026,6:42:2,14.214468,101.179066
18/1/2026,6:42:3,14.21446,101.179062
18/1/2026,6:42:4,14.214451,101.179052
18/1/2026,6:42:5,14.214443,101.179048
18/1/2026,6:42:6,14.214434,101.179046
18/1/2026,6:42:7,14.214425,101.179046
18/1/2026,6:42:8,14.214419,101.179046
18/1/2026,6:42:9,14.214411,101.179047
18/1/2026,6:42:10,14.214403,101.179049
18/1/2026,6:42:11,14.214397,101.179053
18/1/2026,6:42:12,14.214392,101.179056
18/1/2026,6:42:13,14.214382,101.179057
18/1/2026,6:42:14,14.214371,101.179058
18/1/2026,6:42:15,14.214363,101.179059
18/1/2026,6:42:16,14.214357,101.17906
18/1/2026,6:42:17,14.214351,101.179064
18/1/2026,6:42:18,14.214348,101.17907
18/1/2026,6:42:19,14.214344,101.179075
18/1/2026,6:42:20,14.214346,101.179082
18/1/2026,6:42:21,14.21435,101.179088
18/1/2026,6:42:22,14.214353,101.179093
18/1/2026,6:42:23,14.214357,101.1791
18/1/2026,6:42:24,14.214357,101.179104
18/1/2026,6:42:25,14.214353,101.179107
18/1/2026,6:42:26,14.214353,101.179108
18/1/2026,6:42:27,14.214354,101.179112
18/1/2026,6:42:28,14.214359,101.179119
18/1/2026,6:42:29,14.214362,101.179124
18/1/2026,6:42:30,14.214361,101.17913
18/1/2026,6:42:31,14.214357,101.179139
18/1/2026,6:42:32,14.214355,101.179148
18/1/2026,6:42:33,14.214352,101.179154
18/1/2026,6:42:34,14.214349,101.179161
18/1/2026,6:42:35,14.214347,101.179169
18/1/2026,6:42:36,14.214346,101.179176
18/1/2026,6:42:37,14.214344,101.179181
18/1/2026,6:42:38,14.214339,101.179187
18/1/2026,6:42:39,14.214336,101.179196
18/1/2026,6:42:40,14.214334,101.179203
18/1/2026,6:42:41,14.214329,101.179209
18/1/2026,6:42:42,14.21432,101.179214
18/1/2026,6:42:43,14.214311,101.179219
18/1/2026,6:42:44,14.214304,101.179222
18/1/2026,6:42:45,14.214297,101.179225
18/1/2026,6:42:46,14.214288,101.179227
18/1/2026,6:42:47,14.214279,101.179228
18/1/2026,6:42:48,14.21427,101.179231
18/1/2026,6:42:49,14.214265,101.179236
18/1/2026,6:42:50,14.214263,101.179242
18/1/2026,6:42:51,14.214267,101.179249
18/1/2026,6:42:52,14.214272,101.179253
18/1/2026,6:42:53,14.214277,101.179258
18/1/2026,6:42:54,14.214284,101.179262
18/1/2026,6:42:55,14.214287,101.179264
18/1/2026,6:42:56,14.214291,101.179263
18/1/2026,6:42:57,14.214291,101.17926
18/1/2026,6:42:58,14.214289,101.179257
18/1/2026,6:42:59,14.214284,101.179253
18/1/2026,6:43:0,14.214278,101.17925
18/1/2026,6:43:1,14.214271,101.179245
18/1/2026,6:43:2,14.214265,101.179239
18/1/2026,6:43:3,14.214258,101.179234
18/1/2026,6:43:4,14.214251,101.179231
18/1/2026,6:43:5,14.214244,101.17923
18/1/2026,6:43:6,14.21424,101.179226
18/1/2026,6:43:7,14.214233,101.179222
18/1/2026,6:43:8,14.214223,101.179221
18/1/2026,6:43:9,14.214214,101.179222
18/1/2026,6:43:10,14.214206,101.179224
18/1/2026,6:43:11,14.214197,101.179228
18/1/2026,6:43:12,14.214188,101.179231
18/1/2026,6:43:13,14.21418,101.179233
18/1/2026,6:43:14,14.214172,101.179235
18/1/2026,6:43:15,14.214164,101.179236
18/1/2026,6:43:16,14.214156,101.17924
18/1/2026,6:43:17,14.21415,101.179244
18/1/2026,6:43:18,14.214131,101.179238
18/1/2026,6:43:19,14.214126,101.179238
18/1/2026,6:43:20,14.214125,101.179234
18/1/2026,6:43:21,14.214128,101.179236
18/1/2026,6:43:22,14.214133,101.179239
18/1/2026,6:43:23,14.214139,101.17924
18/1/2026,6:43:24,14.214143,101.179242
18/1/2026,6:43:25,14.214149,101.179239
18/1/2026,6:43:26,14.214154,101.179234
18/1/2026,6:43:27,14.214159,101.179248
18/1/2026,6:43:28,14.214161,101.179261
18/1/2026,6:43:29,14.214166,101.17927
18/1/2026,6:43:30,14.214168,101.179276
18/1/2026,6:43:31,14.21417,101.179281
18/1/2026,6:43:32,14.214172,101.179288
18/1/2026,6:43:33,14.214174,101.179296
18/1/2026,6:43:34,14.214178,101.1793
18/1/2026,6:43:35,14.214181,101.179309
18/1/2026,6:43:36,14.214182,101.179321
18/1/2026,6:43:37,14.214184,101.179334
18/1/2026,6:43:38,14.214184,101.179344
18/1/2026,6:43:39,14.214182,101.179353
18/1/2026,6:43:40,14.214182,101.179364
18/1/2026,6:43:41,14.214183,101.179376
18/1/2026,6:43:42,14.214185,101.179386
18/1/2026,6:43:43,14.214186,101.179395
18/1/2026,6:43:44,14.214186,101.179407
18/1/2026,6:43:45,14.214186,101.179418
18/1/2026,6:43:46,14.214185,101.179428
18/1/2026,6:43:47,14.214183,101.179435
18/1/2026,6:43:48,14.214183,101.179444
18/1/2026,6:43:49,14.214186,101.179454
18/1/2026,6:43:50,14.214189,101.179459
18/1/2026,6:43:51,14.214192,101.179466
18/1/2026,6:43:52,14.214195,101.179472
18/1/2026,6:43:53,14.214203,101.179475
18/1/2026,6:43:54,14.214212,101.179477
18/1/2026,6:43:55,14.21422,101.179478
18/1/2026,6:43:56,14.214228,101.179476
18/1/2026,6:43:57,14.214237,101.179472
18/1/2026,6:43:58,14.214244,101.17947
18/1/2026,6:43:59,14.214251,101.17947
18/1/2026,6:44:0,14.214261,101.179469
18/1/2026,6:44:1,14.21427,101.179467
18/1/2026,6:44:2,14.214279,101.179464
18/1/2026,6:44:3,14.214288,101.179464
18/1/2026,6:44:4,14.214293,101.179459
18/1/2026,6:44:5,14.214299,101.179457
18/1/2026,6:44:6,14.214304,101.179454
18/1/2026,6:44:7,14.21431,101.179451
18/1/2026,6:44:8,14.214318,101.179447
18/1/2026,6:44:9,14.214326,101.179444
18/1/2026,6:44:10,14.214333,101.179442
18/1/2026,6:44:11,14.214341,101.179444
18/1/2026,6:44:12,14.214348,101.179446
18/1/2026,6:44:13,14.214352,101.17945
18/1/2026,6:44:14,14.214356,101.179457
18/1/2026,6:44:15,14.214363,101.179461
18/1/2026,6:44:16,14.21437,101.179462
18/1/2026,6:44:17,14.214375,101.179462
18/1/2026,6:44:18,14.214381,101.179465
18/1/2026,6:44:19,14.214388,101.179469
18/1/2026,6:44:20,14.214397,101.179473
18/1/2026,6:44:21,14.214405,101.179474
18/1/2026,6:44:22,14.214413,101.179476
18/1/2026,6:44:23,14.214422,101.179474
18/1/2026,6:44:24,14.21443,101.179472
18/1/2026,6:44:25,14.214436,101.179471
18/1/2026,6:44:26,14.214444,101.17947
18/1/2026,6:44:27,14.21445,101.179464
18/1/2026,6:44:28,14.214454,101.179458
18/1/2026,6:44:29,14.214461,101.179453
18/1/2026,6:44:30,14.21447,101.179448
18/1/2026,6:44:31,14.214479,101.179445
18/1/2026,6:44:32,14.214486,101.179446
18/1/2026,6:44:33,14.214493,101.179449
18/1/2026,6:44:34,14.214502,101.17945
18/1/2026,6:44:35,14.21451,101.179452
18/1/2026,6:44:36,14.214519,101.179457
18/1/2026,6:44:37,14.214529,101.179461
18/1/2026,6:44:38,14.214537,101.179464
18/1/2026,6:44:39,14.214545,101.179466
18/1/2026,6:44:40,14.214553,101.17947
18/1/2026,6:44:41,14.214563,101.179473
18/1/2026,6:44:42,14.214574,101.179473
18/1/2026,6:44:43,14.214582,101.179471
18/1/2026,6:44:44,14.214591,101.17947
18/1/2026,6:44:45,14.214599,101.179469
18/1/2026,6:44:46,14.214607,101.17947
18/1/2026,6:44:47,14.214614,101.179475
18/1/2026,6:44:48,14.21462,101.179483
18/1/2026,6:44:49,14.214627,101.179486
18/1/2026,6:44:50,14.214634,101.179487
18/1/2026,6:44:51,14.214642,101.179489
18/1/2026,6:44:52,14.214651,101.17949
18/1/2026,6:44:53,14.214662,101.179491
18/1/2026,6:44:54,14.214672,101.179492
18/1/2026,6:44:55,14.21468,101.17949
18/1/2026,6:44:56,14.214687,101.179489
18/1/2026,6:44:57,14.214696,101.179483
18/1/2026,6:44:58,14.214704,101.179475
18/1/2026,6:44:59,14.214712,101.17947
18/1/2026,6:45:0,14.214721,101.179468
18/1/2026,6:45:1,14.214729,101.179463
18/1/2026,6:45:2,14.214734,101.179457
18/1/2026,6:45:3,14.214737,101.179451
18/1/2026,6:45:4,14.214738,101.179442
18/1/2026,6:45:5,14.214743,101.179432
18/1/2026,6:45:6,14.214747,101.179425
18/1/2026,6:45:7,14.214752,101.17942
18/1/2026,6:45:8,14.214758,101.179417
18/1/2026,6:45:9,14.21476,101.179413
18/1/2026,6:45:10,14.214764,101.179408
18/1/2026,6:45:11,14.214768,101.179401
18/1/2026,6:45:12,14.214769,101.179386
18/1/2026,6:45:13,14.214767,101.179378
18/1/2026,6:45:14,14.214766,101.179369
18/1/2026,6:45:15,14.214765,101.179359
18/1/2026,6:45:16,14.214765,101.179348
18/1/2026,6:45:17,14.214765,101.17934
18/1/2026,6:45:18,14.214767,101.179331
18/1/2026,6:45:19,14.214771,101.179323
18/1/2026,6:45:20,14.214775,101.179315
18/1/2026,6:45:21,14.214781,101.17931
18/1/2026,6:45:22,14.214787,101.179304
18/1/2026,6:45:23,14.214792,101.1793
18/1/2026,6:45:24,14.214798,101.179299
18/1/2026,6:45:25,14.214803,101.179299
18/1/2026,6:45:26,14.214804,101.179293
18/1/2026,6:45:27,14.214807,101.179287
18/1/2026,6:45:28,14.214811,101.17928
18/1/2026,6:45:29,14.214814,101.179271
18/1/2026,6:45:30,14.214816,101.179263
18/1/2026,6:45:31,14.214818,101.179255
18/1/2026,6:45:32,14.214818,101.179246
18/1/2026,6:45:33,14.214815,101.179236
18/1/2026,6:45:34,14.214811,101.179229
18/1/2026,6:45:35,14.214809,101.17922
18/1/2026,6:45:36,14.214807,101.179209
18/1/2026,6:45:37,14.214805,101.179202
18/1/2026,6:45:38,14.2148,101.179191
18/1/2026,6:45:39,14.214795,101.179185
18/1/2026,6:45:40,14.214787,101.17918
18/1/2026,6:45:41,14.214781,101.179175
18/1/2026,6:45:42,14.214774,101.179172
18/1/2026,6:45:43,14.214766,101.179168
18/1/2026,6:45:44,14.214758,101.179166
18/1/2026,6:45:45,14.214749,101.179165
18/1/2026,6:45:46,14.21474,101.179169
18/1/2026,6:45:47,14.214733,101.179171
18/1/2026,6:45:48,14.214729,101.179178
18/1/2026,6:45:49,14.214726,101.179187
18/1/2026,6:45:50,14.214724,101.179195
18/1/2026,6:45:51,14.214718,101.179198
18/1/2026,6:45:52,14.214709,101.179201
18/1/2026,6:45:53,14.2147,101.1792
18/1/2026,6:45:54,14.214693,101.179198
18/1/2026,6:45:55,14.214686,101.179195
18/1/2026,6:45:56,14.214681,101.179191
18/1/2026,6:45:57,14.214677,101.179183
18/1/2026,6:45:58,14.214672,101.179173
18/1/2026,6:45:59,14.214666,101.179165
18/1/2026,6:46:0,14.214661,101.179161
18/1/2026,6:46:1,14.214655,101.179157
18/1/2026,6:46:2,14.214646,101.179155
18/1/2026,6:46:3,14.214639,101.179155
18/1/2026,6:46:4,14.214633,101.179155
18/1/2026,6:46:5,14.214624,101.179158
18/1/2026,6:46:6,14.214616,101.179158
18/1/2026,6:46:7,14.21461,101.179155
18/1/2026,6:46:8,14.214602,101.179151
18/1/2026,6:46:9,14.214594,101.179147
18/1/2026,6:46:10,14.214588,101.179146
18/1/2026,6:46:11,14.214581,101.179142
18/1/2026,6:46:12,14.214571,101.179139
18/1/2026,6:46:13,14.214564,101.179137
18/1/2026,6:46:14,14.214557,101.179134
18/1/2026,6:46:15,14.214548,101.179132
18/1/2026,6:46:16,14.214539,101.179129
18/1/2026,6:46:17,14.214533,101.179124
18/1/2026,6:46:18,14.214528,101.179117
18/1/2026,6:46:19,14.214522,101.17911
18/1/2026,6:46:20,14.214516,101.179105
18/1/2026,6:46:21,14.214512,101.179098
18/1/2026,6:46:22,14.214507,101.179091
18/1/2026,6:46:23,14.2145,101.179085
18/1/2026,6:46:24,14.214494,101.179079
18/1/2026,6:46:25,14.214489,101.179074
18/1/2026,6:46:26,14.21448,101.179071
18/1/2026,6:46:27,14.214472,101.17907
18/1/2026,6:46:28,14.214465,101.179066
18/1/2026,6:46:29,14.21446,101.179059
18/1/2026,6:46:30,14.214455,101.179052
18/1/2026,6:46:31,14.214451,101.179045
18/1/2026,6:46:32,14.214446,101.179037
18/1/2026,6:46:33,14.21444,101.179029
18/1/2026,6:46:34,14.214433,101.179024
18/1/2026,6:46:35,14.214428,101.179018
18/1/2026,6:46:36,14.214422,101.179012
18/1/2026,6:46:37,14.214413,101.179006
18/1/2026,6:46:38,14.214405,101.179002
18/1/2026,6:46:39,14.214399,101.179
18/1/2026,6:46:40,14.214392,101.178995
18/1/2026,6:46:41,14.214384,101.17899
18/1/2026,6:46:42,14.214376,101.178986
18/1/2026,6:46:43,14.214371,101.178981
18/1/2026,6:46:44,14.214365,101.178974
18/1/2026,6:46:45,14.214356,101.178967
18/1/2026,6:46:46,14.214348,101.178961
18/1/2026,6:46:47,14.214342,101.178956
18/1/2026,6:46:48,14.214336,101.178952
18/1/2026,6:46:49,14.214328,101.178948
18/1/2026,6:46:50,14.21432,101.178947
18/1/2026,6:46:51,14.214313,101.178946
18/1/2026,6:46:52,14.214303,101.178945
18/1/2026,6:46:53,14.214294,101.178949
18/1/2026,6:46:54,14.214286,101.178953
18/1/2026,6:46:55,14.214278,101.178955
18/1/2026,6:46:56,14.214267,101.178956
18/1/2026,6:46:57,14.214256,101.178956
18/1/2026,6:46:58,14.214248,101.178956
18/1/2026,6:46:59,14.214239,101.178955
18/1/2026,6:47:0,14.214228,101.178953
18/1/2026,6:47:1,14.21422,101.178952
18/1/2026,6:47:2,14.214213,101.178948
18/1/2026,6:47:3,14.214204,101.178941
18/1/2026,6:47:4,14.214195,101.178937
18/1/2026,6:47:5,14.214188,101.178935
18/1/2026,6:47:6,14.21418,101.178934
18/1/2026,6:47:7,14.214171,101.178934
18/1/2026,6:47:8,14.214165,101.178937
18/1/2026,6:47:9,14.21416,101.178943
18/1/2026,6:47:10,14.214156,101.178949
18/1/2026,6:47:11,14.214154,101.178955
18/1/2026,6:47:12,14.214155,101.17896
18/1/2026,6:47:13,14.214158,101.178967
18/1/2026,6:47:14,14.214164,101.178974
18/1/2026,6:47:15,14.21417,101.178978
18/1/2026,6:47:16,14.214174,101.178984
18/1/2026,6:47:17,14.214174,101.178994
18/1/2026,6:47:18,14.214177,101.179002
18/1/2026,6:47:19,14.21418,101.179005
18/1/2026,6:47:20,14.214179,101.17901
18/1/2026,6:47:21,14.214185,101.179016
18/1/2026,6:47:22,14.214195,101.17902
18/1/2026,6:47:23,14.214203,101.179025
18/1/2026,6:47:24,14.214213,101.179029
18/1/2026,6:47:25,14.214224,101.179032
18/1/2026,6:47:26,14.214236,101.179032
18/1/2026,6:47:27,14.214245,101.179038
18/1/2026,6:47:28,14.214251,101.179043
18/1/2026,6:47:29,14.21426,101.179045
18/1/2026,6:47:30,14.214267,101.179045
18/1/2026,6:47:31,14.214277,101.179048
18/1/2026,6:47:32,14.214287,101.179049
18/1/2026,6:47:33,14.214298,101.179054
18/1/2026,6:47:34,14.214305,101.17906
18/1/2026,6:47:35,14.214306,101.179067
18/1/2026,6:47:36,14.214311,101.17907
18/1/2026,6:47:37,14.214315,101.179078
18/1/2026,6:47:38,14.214322,101.179079
18/1/2026,6:47:39,14.214328,101.179077
18/1/2026,6:47:40,14.214336,101.179079
18/1/2026,6:47:41,14.214342,101.179081
18/1/2026,6:47:42,14.214348,101.179084
18/1/2026,6:47:43,14.214353,101.179089
18/1/2026,6:47:44,14.21436,101.179096
18/1/2026,6:47:45,14.214366,101.179103
18/1/2026,6:47:46,14.21437,101.179112
18/1/2026,6:47:47,14.214373,101.179119
18/1/2026,6:47:48,14.214376,101.179122
18/1/2026,6:47:49,14.214378,101.179127
18/1/2026,6:47:50,14.214382,101.179132
18/1/2026,6:47:51,14.214387,101.179135
18/1/2026,6:47:52,14.214392,101.179137
18/1/2026,6:47:53,14.214401,101.179138
18/1/2026,6:47:54,14.214406,101.179139
18/1/2026,6:47:55,14.214409,101.179142
18/1/2026,6:47:56,14.21441,101.179145
18/1/2026,6:47:57,14.214402,101.179143
18/1/2026,6:47:58,14.214398,101.179141
18/1/2026,6:47:59,14.2144,101.179139
18/1/2026,6:48:0,14.214403,101.179139
18/1/2026,6:48:1,14.214401,101.179136
18/1/2026,6:48:2,14.214403,101.179134
18/1/2026,6:48:3,14.214406,101.179135
18/1/2026,6:48:4,14.214411,101.179136
18/1/2026,6:48:5,14.214415,101.179139
18/1/2026,6:48:6,14.214421,101.179142
18/1/2026,6:48:7,14.214425,101.179143
18/1/2026,6:48:8,14.214432,101.179149
18/1/2026,6:48:9,14.214436,101.179152
18/1/2026,6:48:10,14.214441,101.179154
18/1/2026,6:48:11,14.214449,101.179161
18/1/2026,6:48:12,14.214454,101.179166
18/1/2026,6:48:13,14.214458,101.179169
18/1/2026,6:48:14,14.214464,101.17917
18/1/2026,6:48:15,14.214468,101.179171
18/1/2026,6:48:16,14.21447,101.179172
18/1/2026,6:48:17,14.214469,101.179174
18/1/2026,6:48:18,14.214469,101.179176
18/1/2026,6:48:19,14.214469,101.179179
18/1/2026,6:48:20,14.214474,101.179181
18/1/2026,6:48:21,14.214478,101.179185
18/1/2026,6:48:22,14.214486,101.179188
18/1/2026,6:48:23,14.214493,101.179192
18/1/2026,6:48:24,14.214498,101.179195
18/1/2026,6:48:25,14.214504,101.179197
18/1/2026,6:48:26,14.21451,101.179199
18/1/2026,6:48:27,14.214515,101.179202
18/1/2026,6:48:28,14.214522,101.179207
18/1/2026,6:48:29,14.214527,101.179209
18/1/2026,6:48:30,14.214532,101.179214
18/1/2026,6:48:31,14.214539,101.179216
18/1/2026,6:48:32,14.214542,101.179216
18/1/2026,6:48:33,14.214548,101.179219
18/1/2026,6:48:34,14.214558,101.179222
18/1/2026,6:48:35,14.214563,101.179224
18/1/2026,6:48:36,14.214568,101.179228
18/1/2026,6:48:37,14.214577,101.179231
18/1/2026,6:48:38,14.214585,101.179233
18/1/2026,6:48:39,14.214591,101.179234
18/1/2026,6:48:37,14.214599,101.179236
18/1/2026,6:48:38,14.214605,101.179234
18/1/2026,6:48:39,14.214607,101.179232
18/1/2026,6:48:40,14.214611,101.17923
18/1/2026,6:48:41,14.214615,101.179224
18/1/2026,6:48:42,14.214619,101.179221
18/1/2026,6:48:43,14.214626,101.179222
18/1/2026,6:48:44,14.214631,101.179216
18/1/2026,6:48:45,14.214632,101.179209
18/1/2026,6:48:46,14.214632,101.179205
18/1/2026,6:48:47,14.214633,101.179199
18/1/2026,6:48:48,14.214632,101.179192
18/1/2026,6:48:49,14.214632,101.179186
18/1/2026,6:48:50,14.214628,101.179179
18/1/2026,6:48:51,14.214622,101.179171
18/1/2026,6:48:52,14.214613,101.179164
18/1/2026,6:48:53,14.214607,101.179155
18/1/2026,6:48:54,14.214603,101.179149
18/1/2026,6:48:55,14.214598,101.179141
18/1/2026,6:48:56,14.214594,101.179135
18/1/2026,6:48:57,14.21459,101.17913
18/1/2026,6:48:58,14.214584,101.179124
18/1/2026,6:48:59,14.214573,101.179122
18/1/2026,6:49:0,14.214565,101.17912
18/1/2026,6:49:1,14.214558,101.179118
18/1/2026,6:49:2,14.214546,101.179115
18/1/2026,6:49:3,14.214537,101.179113
18/1/2026,6:49:4,14.214529,101.17911
18/1/2026,6:49:5,14.214521,101.179103
18/1/2026,6:49:6,14.214512,101.179095
18/1/2026,6:49:7,14.214504,101.179087
18/1/2026,6:49:8,14.214499,101.179083
18/1/2026,6:49:9,14.214493,101.179078
18/1/2026,6:49:10,14.214484,101.179075
18/1/2026,6:49:11,14.214474,101.179074
18/1/2026,6:49:12,14.214467,101.179073
18/1/2026,6:49:13,14.21446,101.179071
18/1/2026,6:49:14,14.21445,101.179067
18/1/2026,6:49:15,14.214439,101.179063
18/1/2026,6:49:16,14.21443,101.179059
18/1/2026,6:49:17,14.214424,101.179056
18/1/2026,6:49:18,14.214415,101.179051
18/1/2026,6:49:19,14.214407,101.179048
18/1/2026,6:49:20,14.214399,101.179046
18/1/2026,6:49:21,14.214393,101.17904
18/1/2026,6:49:22,14.214386,101.179033
18/1/2026,6:49:23,14.214379,101.179026
18/1/2026,6:49:24,14.214372,101.179023
18/1/2026,6:49:25,14.214367,101.179018
18/1/2026,6:49:26,14.214359,101.179012
18/1/2026,6:49:27,14.21435,101.179007
18/1/2026,6:49:28,14.214342,101.179006
18/1/2026,6:49:29,14.214336,101.179005
18/1/2026,6:49:30,14.214328,101.179005
18/1/2026,6:49:31,14.214316,101.179005
18/1/2026,6:49:32,14.214308,101.179005
18/1/2026,6:49:33,14.214301,101.179003
18/1/2026,6:49:34,14.214292,101.179001
18/1/2026,6:49:35,14.214281,101.179
18/1/2026,6:49:36,14.214274,101.178998
18/1/2026,6:49:37,14.214268,101.178993
18/1/2026,6:49:38,14.214262,101.178986
18/1/2026,6:49:39,14.214254,101.178978
18/1/2026,6:49:40,14.214248,101.178975
18/1/2026,6:49:41,14.214242,101.178972
18/1/2026,6:49:42,14.214231,101.178971
18/1/2026,6:49:43,14.21422,101.17897
18/1/2026,6:49:44,14.214214,101.178973
18/1/2026,6:49:45,14.214208,101.178977
18/1/2026,6:49:46,14.214198,101.178979
18/1/2026,6:49:47,14.214194,101.178985
18/1/2026,6:49:48,14.214196,101.179
18/1/2026,6:49:49,14.214193,101.179012
18/1/2026,6:49:50,14.21419,101.179021
18/1/2026,6:49:51,14.214187,101.179026
18/1/2026,6:49:52,14.214182,101.179032
18/1/2026,6:49:53,14.214176,101.179039
18/1/2026,6:49:54,14.214171,101.179045
18/1/2026,6:49:55,14.214167,101.179043
18/1/2026,6:49:56,14.214158,101.179045
18/1/2026,6:49:57,14.214151,101.17905
18/1/2026,6:49:58,14.214144,101.179052
18/1/2026,6:49:59,14.214136,101.179055
18/1/2026,6:50:0,14.214129,101.179057
18/1/2026,6:50:1,14.214122,101.179062
18/1/2026,6:50:2,14.214115,101.179068
18/1/2026,6:50:3,14.214109,101.179074
18/1/2026,6:50:4,14.214103,101.179079
18/1/2026,6:50:5,14.214097,101.179083
18/1/2026,6:50:6,14.214091,101.179091
18/1/2026,6:50:7,14.214086,101.179098
18/1/2026,6:50:8,14.214081,101.179104
18/1/2026,6:50:9,14.214078,101.179116
18/1/2026,6:50:10,14.214079,101.179124
18/1/2026,6:50:11,14.214082,101.179135
18/1/2026,6:50:12,14.214078,101.179143
18/1/2026,6:50:13,14.214074,101.179151
18/1/2026,6:50:14,14.214069,101.179157
18/1/2026,6:50:15,14.214066,101.179162
18/1/2026,6:50:16,14.214062,101.179165
18/1/2026,6:50:17,14.214059,101.179174
18/1/2026,6:50:18,14.214056,101.179182
18/1/2026,6:50:19,14.214055,101.179189
18/1/2026,6:50:20,14.214052,101.1792
18/1/2026,6:50:21,14.214054,101.179209
18/1/2026,6:50:22,14.214054,101.179218
18/1/2026,6:50:23,14.214055,101.179229
18/1/2026,6:50:24,14.214057,101.179237
18/1/2026,6:50:25,14.214061,101.179243
18/1/2026,6:50:26,14.214064,101.179246
18/1/2026,6:50:27,14.214067,101.179247
18/1/2026,6:50:28,14.214074,101.179244
18/1/2026,6:50:29,14.214081,101.17924
18/1/2026,6:50:30,14.214087,101.179237
18/1/2026,6:50:31,14.214093,101.179233
18/1/2026,6:50:32,14.214101,101.179229
18/1/2026,6:50:33,14.214106,101.179227
18/1/2026,6:50:34,14.214112,101.179225
18/1/2026,6:50:35,14.21412,101.179224
18/1/2026,6:50:36,14.214128,101.179224
18/1/2026,6:50:37,14.214135,101.179224
18/1/2026,6:50:38,14.214144,101.179227
18/1/2026,6:50:39,14.21415,101.179234
18/1/2026,6:50:40,14.214156,101.179237
18/1/2026,6:50:41,14.214162,101.17924
18/1/2026,6:50:42,14.214173,101.179243
18/1/2026,6:50:43,14.214183,101.179246
18/1/2026,6:50:44,14.214188,101.17925
18/1/2026,6:50:45,14.214192,101.17926
18/1/2026,6:50:46,14.214198,101.179268
18/1/2026,6:50:47,14.214203,101.179273
18/1/2026,6:50:48,14.214208,101.179275
18/1/2026,6:50:49,14.214213,101.179277
18/1/2026,6:50:50,14.214219,101.179276
18/1/2026,6:50:51,14.214223,101.179275
18/1/2026,6:50:52,14.21423,101.179278
18/1/2026,6:50:53,14.214238,101.179281
18/1/2026,6:50:54,14.214246,101.179285
18/1/2026,6:50:55,14.214252,101.179291
18/1/2026,6:50:56,14.214259,101.179295
18/1/2026,6:50:57,14.214264,101.179297
18/1/2026,6:50:58,14.214268,101.1793
18/1/2026,6:50:59,14.214274,101.179304
18/1/2026,6:51:0,14.214278,101.179309
18/1/2026,6:51:1,14.214282,101.179316
18/1/2026,6:51:2,14.214289,101.179322
18/1/2026,6:51:3,14.214294,101.179327
18/1/2026,6:51:4,14.214301,101.179332
18/1/2026,6:51:5,14.214308,101.17934
18/1/2026,6:51:6,14.214313,101.179345
18/1/2026,6:51:7,14.214317,101.179351
18/1/2026,6:51:8,14.214322,101.179358
18/1/2026,6:51:9,14.214328,101.179361
18/1/2026,6:51:10,14.214334,101.179362
18/1/2026,6:51:11,14.214341,101.179365
18/1/2026,6:51:12,14.21435,101.179367
18/1/2026,6:51:13,14.214357,101.17937
18/1/2026,6:51:14,14.214358,101.179372
18/1/2026,6:51:15,14.214357,101.179373
18/1/2026,6:51:16,14.214355,101.179375
18/1/2026,6:51:17,14.214358,101.179375
18/1/2026,6:51:18,14.214362,101.179376
18/1/2026,6:51:19,14.214367,101.179382
18/1/2026,6:51:20,14.214373,101.179388
18/1/2026,6:51:21,14.214377,101.179391
18/1/2026,6:51:22,14.214384,101.179393
18/1/2026,6:51:23,14.214393,101.179392
18/1/2026,6:51:24,14.2144,101.179393
18/1/2026,6:51:25,14.214407,101.179394
18/1/2026,6:51:26,14.214414,101.179391
18/1/2026,6:51:27,14.214419,101.179389
18/1/2026,6:51:28,14.214427,101.179389
18/1/2026,6:51:29,14.214438,101.179389
18/1/2026,6:51:30,14.214449,101.17939
18/1/2026,6:51:31,14.214456,101.179396
18/1/2026,6:51:32,14.214464,101.179402
18/1/2026,6:51:33,14.214473,101.179404
18/1/2026,6:51:34,14.214482,101.179404
18/1/2026,6:51:35,14.214488,101.179404
18/1/2026,6:51:36,14.214493,101.179402
18/1/2026,6:51:37,14.214499,101.179396
18/1/2026,6:51:38,14.214504,101.179393
18/1/2026,6:51:39,14.21451,101.179388
18/1/2026,6:51:40,14.214515,101.179384
18/1/2026,6:51:41,14.214519,101.179377
18/1/2026,6:51:42,14.214521,101.17937
18/1/2026,6:51:43,14.214524,101.179363
18/1/2026,6:51:44,14.214526,101.179354
18/1/2026,6:51:45,14.214526,101.179345
18/1/2026,6:51:46,14.214527,101.179336
18/1/2026,6:51:47,14.214528,101.179328
18/1/2026,6:51:48,14.21453,101.179318
18/1/2026,6:51:49,14.214533,101.179308
18/1/2026,6:51:50,14.214536,101.179301
18/1/2026,6:51:51,14.214541,101.179292
18/1/2026,6:51:52,14.214544,101.179282
18/1/2026,6:51:53,14.214546,101.179272
18/1/2026,6:51:54,14.214546,101.179264
18/1/2026,6:51:55,14.214549,101.179254
18/1/2026,6:51:56,14.214553,101.179243
18/1/2026,6:51:57,14.214555,101.179233
18/1/2026,6:51:58,14.214558,101.179225
18/1/2026,6:51:59,14.214562,101.179217
18/1/2026,6:52:0,14.214567,101.179207
18/1/2026,6:52:1,14.214567,101.179197
18/1/2026,6:52:2,14.214566,101.179189
18/1/2026,6:52:3,14.214566,101.179179
18/1/2026,6:52:4,14.214567,101.179168
18/1/2026,6:52:5,14.214567,101.179154
18/1/2026,6:52:6,14.214569,101.179144
18/1/2026,6:52:7,14.214571,101.179137
18/1/2026,6:52:8,14.214574,101.179128
18/1/2026,6:52:9,14.214577,101.179118
18/1/2026,6:52:10,14.214579,101.179108
18/1/2026,6:52:11,14.214581,101.1791
18/1/2026,6:52:12,14.214583,101.179092
18/1/2026,6:52:13,14.214584,101.179083
18/1/2026,6:52:14,14.214583,101.179072
18/1/2026,6:52:15,14.214581,101.179065
18/1/2026,6:52:16,14.214577,101.179058
18/1/2026,6:52:17,14.214575,101.17905
18/1/2026,6:52:18,14.21457,101.179044
18/1/2026,6:52:19,14.214562,101.179041
18/1/2026,6:52:20,14.214558,101.179036
18/1/2026,6:52:21,14.214555,101.179028
18/1/2026,6:52:22,14.214549,101.179022
18/1/2026,6:52:23,14.214543,101.179017
18/1/2026,6:52:24,14.214538,101.179013
18/1/2026,6:52:25,14.214532,101.179008
18/1/2026,6:52:26,14.214524,101.179004
18/1/2026,6:52:27,14.214517,101.179
18/1/2026,6:52:28,14.214512,101.178995
18/1/2026,6:52:29,14.214506,101.17899
18/1/2026,6:52:30,14.214498,101.178983
18/1/2026,6:52:31,14.214491,101.178978
18/1/2026,6:52:32,14.214487,101.178973
18/1/2026,6:52:33,14.214481,101.178969
18/1/2026,6:52:34,14.214474,101.178966
18/1/2026,6:52:35,14.214467,101.178963
18/1/2026,6:52:36,14.214461,101.178957
18/1/2026,6:52:37,14.214454,101.178949
18/1/2026,6:52:38,14.214447,101.178944
18/1/2026,6:52:39,14.21444,101.178939
18/1/2026,6:52:40,14.214434,101.178936
18/1/2026,6:52:41,14.214427,101.178931
18/1/2026,6:52:42,14.214418,101.178926
18/1/2026,6:52:43,14.21441,101.178923
18/1/2026,6:52:44,14.214403,101.178922
18/1/2026,6:52:45,14.214396,101.178923
18/1/2026,6:52:46,14.214386,101.178923
18/1/2026,6:52:47,14.214376,101.178924
18/1/2026,6:52:48,14.214368,101.178926
18/1/2026,6:52:49,14.214359,101.178925
18/1/2026,6:52:50,14.21435,101.178922
18/1/2026,6:52:51,14.21434,101.17892
18/1/2026,6:52:52,14.214332,101.178917
18/1/2026,6:52:53,14.214325,101.178911
18/1/2026,6:52:54,14.214318,101.178905
18/1/2026,6:52:55,14.214312,101.178898
18/1/2026,6:52:56,14.214305,101.178895
18/1/2026,6:52:57,14.214299,101.178892
18/1/2026,6:52:58,14.214291,101.178887
18/1/2026,6:52:59,14.214282,101.178887
18/1/2026,6:53:0,14.214273,101.178889
18/1/2026,6:53:1,14.214263,101.178892
18/1/2026,6:53:2,14.214254,101.178896
18/1/2026,6:53:3,14.214246,101.178903
18/1/2026,6:53:4,14.214239,101.178909
18/1/2026,6:53:5,14.214232,101.178914
18/1/2026,6:53:6,14.214222,101.17892
18/1/2026,6:53:7,14.214212,101.178926
18/1/2026,6:53:8,14.214204,101.178931
18/1/2026,6:53:9,14.214195,101.178933
18/1/2026,6:53:10,14.214186,101.178936
18/1/2026,6:53:11,14.21418,101.178939
18/1/2026,6:53:12,14.214177,101.178941
18/1/2026,6:53:13,14.214174,101.178948
18/1/2026,6:53:14,14.214173,101.178958
18/1/2026,6:53:15,14.214174,101.178967
18/1/2026,6:53:16,14.214173,101.178973
18/1/2026,6:53:17,14.214172,101.178981
18/1/2026,6:53:18,14.214166,101.178992
18/1/2026,6:53:19,14.214164,101.178999
18/1/2026,6:53:20,14.214162,101.179007
18/1/2026,6:53:21,14.214162,101.179015
18/1/2026,6:53:22,14.214163,101.179024
18/1/2026,6:53:23,14.214162,101.179032
18/1/2026,6:53:24,14.214159,101.179039
18/1/2026,6:53:25,14.214158,101.179049
18/1/2026,6:53:26,14.214157,101.179059
18/1/2026,6:53:27,14.214157,101.179064
18/1/2026,6:53:28,14.214157,101.17907
18/1/2026,6:53:29,14.214156,101.179074
18/1/2026,6:53:30,14.214155,101.179081
18/1/2026,6:53:31,14.214156,101.179088
18/1/2026,6:53:32,14.214159,101.179098
18/1/2026,6:53:33,14.214164,101.179106
18/1/2026,6:53:34,14.214167,101.179113
18/1/2026,6:53:35,14.214172,101.179121
18/1/2026,6:53:36,14.214177,101.179132
18/1/2026,6:53:37,14.214181,101.179138
18/1/2026,6:53:38,14.214185,101.179143
18/1/2026,6:53:39,14.214189,101.179148
18/1/2026,6:53:40,14.214197,101.179153
18/1/2026,6:53:41,14.214204,101.179157
18/1/2026,6:53:42,14.214212,101.179164
18/1/2026,6:53:43,14.21422,101.17917
18/1/2026,6:53:44,14.214227,101.179178
18/1/2026,6:53:45,14.214231,101.179185
18/1/2026,6:53:46,14.214233,101.179192
18/1/2026,6:53:47,14.214239,101.179202
18/1/2026,6:53:48,14.214245,101.17921
18/1/2026,6:53:49,14.214249,101.179218
18/1/2026,6:53:50,14.214252,101.179227
18/1/2026,6:53:51,14.214256,101.179235
18/1/2026,6:53:52,14.214259,101.179243
18/1/2026,6:53:53,14.214261,101.179248
18/1/2026,6:53:54,14.214264,101.179254
18/1/2026,6:53:55,14.214265,101.179263
18/1/2026,6:53:56,14.214264,101.179269
18/1/2026,6:53:57,14.214266,101.179276
18/1/2026,6:53:58,14.214269,101.179287
18/1/2026,6:53:59,14.214266,101.179295
18/1/2026,6:54:0,14.214264,101.179302
18/1/2026,6:54:1,14.214263,101.17931
18/1/2026,6:54:2,14.214266,101.179319
18/1/2026,6:54:3,14.214269,101.179326
18/1/2026,6:54:4,14.214272,101.179333
18/1/2026,6:54:5,14.214277,101.179339
18/1/2026,6:54:6,14.214282,101.179342
18/1/2026,6:54:7,14.214287,101.179344
18/1/2026,6:54:8,14.214294,101.179346
18/1/2026,6:54:9,14.2143,101.179346
18/1/2026,6:54:10,14.214307,101.179345
18/1/2026,6:54:11,14.214316,101.179346
18/1/2026,6:54:12,14.214325,101.179348
18/1/2026,6:54:13,14.214332,101.17935
18/1/2026,6:54:14,14.214339,101.179355
18/1/2026,6:54:15,14.214348,101.179362
18/1/2026,6:54:16,14.214358,101.179365
18/1/2026,6:54:17,14.214365,101.179365
18/1/2026,6:54:18,14.214373,101.179368
18/1/2026,6:54:19,14.214382,101.17937
18/1/2026,6:54:20,14.214388,101.179372
18/1/2026,6:54:21,14.214395,101.179377
18/1/2026,6:54:22,14.214404,101.179381
18/1/2026,6:54:23,14.214408,101.179381
18/1/2026,6:54:24,14.214415,101.179381
18/1/2026,6:54:25,14.214421,101.179377
18/1/2026,6:54:26,14.214425,101.179373
18/1/2026,6:54:27,14.214429,101.179367
18/1/2026,6:54:28,14.214432,101.179361
18/1/2026,6:54:29,14.214433,101.179355
18/1/2026,6:54:30,14.214437,101.179349
18/1/2026,6:54:31,14.214439,101.179341
18/1/2026,6:54:32,14.214439,101.179334
18/1/2026,6:54:33,14.214438,101.179327
18/1/2026,6:54:34,14.214434,101.179319
18/1/2026,6:54:35,14.214431,101.179313
18/1/2026,6:54:36,14.214431,101.179306
18/1/2026,6:54:37,14.214431,101.179297
18/1/2026,6:54:38,14.214431,101.17929
18/1/2026,6:54:39,14.214431,101.179283
18/1/2026,6:54:40,14.214431,101.179273
18/1/2026,6:54:41,14.214432,101.179264
18/1/2026,6:54:42,14.214432,101.179259
18/1/2026,6:54:43,14.214434,101.17925
18/1/2026,6:54:44,14.214435,101.17924
18/1/2026,6:54:45,14.214433,101.179231
18/1/2026,6:54:46,14.214433,101.179224
18/1/2026,6:54:47,14.214431,101.179217
18/1/2026,6:54:48,14.214425,101.179211
18/1/2026,6:54:49,14.21442,101.179205
18/1/2026,6:54:50,14.214416,101.179199
18/1/2026,6:54:51,14.214409,101.179193
18/1/2026,6:54:52,14.214401,101.179188
18/1/2026,6:54:53,14.214394,101.179183
18/1/2026,6:54:54,14.214387,101.179176
18/1/2026,6:54:55,14.21438,101.179169
18/1/2026,6:54:56,14.214375,101.179165
18/1/2026,6:54:57,14.214369,101.17916
18/1/2026,6:54:58,14.214363,101.179153
18/1/2026,6:54:59,14.214356,101.179148
18/1/2026,6:55:0,14.214351,101.179144
18/1/2026,6:55:1,14.214345,101.17914
18/1/2026,6:55:2,14.214339,101.179137
18/1/2026,6:55:3,14.21433,101.179136
18/1/2026,6:55:4,14.214322,101.179134
18/1/2026,6:55:5,14.214316,101.179129
18/1/2026,6:55:6,14.214311,101.179124
18/1/2026,6:55:7,14.214303,101.179119
18/1/2026,6:55:8,14.214299,101.179115
18/1/2026,6:55:9,14.214297,101.179108
18/1/2026,6:55:10,14.214294,101.179099
18/1/2026,6:55:11,14.214289,101.179093
18/1/2026,6:55:12,14.214287,101.179087
18/1/2026,6:55:13,14.214281,101.17908
18/1/2026,6:55:14,14.214274,101.179077
18/1/2026,6:55:15,14.214268,101.179075
18/1/2026,6:55:16,14.214261,101.179073
18/1/2026,6:55:17,14.214248,101.17907
18/1/2026,6:55:18,14.214239,101.179067
18/1/2026,6:55:19,14.214231,101.179068
18/1/2026,6:55:20,14.214225,101.179066
18/1/2026,6:55:21,14.214216,101.179062
18/1/2026,6:55:22,14.214209,101.179059
18/1/2026,6:55:23,14.214204,101.179057
18/1/2026,6:55:24,14.214197,101.179055
18/1/2026,6:55:25,14.214191,101.179051
18/1/2026,6:55:26,14.214185,101.179051
18/1/2026,6:55:27,14.214177,101.179051
18/1/2026,6:55:28,14.21417,101.179052
18/1/2026,6:55:29,14.214165,101.179056
18/1/2026,6:55:30,14.214159,101.179059
18/1/2026,6:55:31,14.214158,101.179066
18/1/2026,6:55:32,14.214159,101.179075
18/1/2026,6:55:33,14.214158,101.179081
18/1/2026,6:55:34,14.214158,101.179091
18/1/2026,6:55:35,14.214159,101.1791
18/1/2026,6:55:36,14.214161,101.179105
18/1/2026,6:55:37,14.214164,101.179114
18/1/2026,6:55:38,14.214168,101.179124
18/1/2026,6:55:39,14.214174,101.179131
18/1/2026,6:55:40,14.21418,101.179138
18/1/2026,6:55:41,14.214179,101.179137
18/1/2026,6:55:42,14.214183,101.179139
18/1/2026,6:55:43,14.214185,101.179142
18/1/2026,6:55:44,14.21419,101.179147
18/1/2026,6:55:45,14.214196,101.179153
18/1/2026,6:55:46,14.2142,101.179156
18/1/2026,6:55:47,14.214202,101.17916
18/1/2026,6:55:48,14.214201,101.179171
18/1/2026,6:55:49,14.214201,101.179178
18/1/2026,6:55:50,14.214201,101.179186
18/1/2026,6:55:51,14.214203,101.179197
18/1/2026,6:55:52,14.214207,101.179209
18/1/2026,6:55:53,14.21421,101.179222
18/1/2026,6:55:54,14.214211,101.179233
18/1/2026,6:55:55,14.214213,101.179244
18/1/2026,6:55:56,14.214216,101.179249
18/1/2026,6:55:57,14.214218,101.179252
18/1/2026,6:55:58,14.214218,101.179251
18/1/2026,6:55:59,14.214217,101.179251
18/1/2026,6:56:0,14.21422,101.179251
18/1/2026,6:56:1,14.214222,101.179252
18/1/2026,6:56:2,14.214225,101.17925
18/1/2026,6:56:3,14.214232,101.17925
18/1/2026,6:56:4,14.214239,101.179252
18/1/2026,6:56:5,14.214243,101.179258
18/1/2026,6:56:6,14.214249,101.179268
18/1/2026,6:56:7,14.214253,101.179277
18/1/2026,6:56:8,14.214256,101.179284
18/1/2026,6:56:9,14.21426,101.179294
18/1/2026,6:56:10,14.21426,101.179298
18/1/2026,6:56:11,14.214259,101.179304
18/1/2026,6:56:12,14.21426,101.179311
18/1/2026,6:56:13,14.214262,101.179318
18/1/2026,6:56:14,14.214266,101.179326
18/1/2026,6:56:15,14.214269,101.179335
18/1/2026,6:56:16,14.214272,101.179343
18/1/2026,6:56:17,14.214274,101.17935
18/1/2026,6:56:18,14.214276,101.179357
18/1/2026,6:56:19,14.21428,101.179364
18/1/2026,6:56:20,14.214285,101.179369
18/1/2026,6:56:21,14.214291,101.179375
18/1/2026,6:56:22,14.214291,101.179379
18/1/2026,6:56:23,14.214297,101.179386
18/1/2026,6:56:24,14.214303,101.179393
18/1/2026,6:56:25,14.214308,101.1794
18/1/2026,6:56:26,14.214314,101.179408
18/1/2026,6:56:27,14.214319,101.179414
18/1/2026,6:56:28,14.214325,101.179423
18/1/2026,6:56:29,14.214332,101.179434
18/1/2026,6:56:30,14.214335,101.179442
18/1/2026,6:56:31,14.214338,101.17945
18/1/2026,6:56:32,14.214341,101.179457
18/1/2026,6:56:33,14.214345,101.179462
18/1/2026,6:56:34,14.214353,101.179467
18/1/2026,6:56:35,14.214356,101.179473
18/1/2026,6:56:36,14.214362,101.179481
18/1/2026,6:56:37,14.214367,101.179489
18/1/2026,6:56:38,14.214371,101.179493
18/1/2026,6:56:39,14.214375,101.179501
18/1/2026,6:56:40,14.214381,101.179511
18/1/2026,6:56:41,14.214385,101.179519
18/1/2026,6:56:42,14.214392,101.179531
18/1/2026,6:56:43,14.214396,101.179541
18/1/2026,6:56:44,14.214399,101.179551
18/1/2026,6:56:45,14.214404,101.179561
18/1/2026,6:56:46,14.21441,101.17957
18/1/2026,6:56:47,14.214416,101.179578
18/1/2026,6:56:48,14.214423,101.179583
18/1/2026,6:56:49,14.21443,101.179587
18/1/2026,6:56:50,14.214433,101.179592
18/1/2026,6:56:51,14.214438,101.179598
18/1/2026,6:56:52,14.214445,101.179606
18/1/2026,6:56:53,14.21445,101.179611
18/1/2026,6:56:54,14.214455,101.179618
18/1/2026,6:56:55,14.214462,101.179622
18/1/2026,6:56:56,14.21447,101.179624
18/1/2026,6:56:57,14.214477,101.179627
18/1/2026,6:56:58,14.214483,101.179632
18/1/2026,6:56:59,14.214491,101.179633
18/1/2026,6:57:0,14.214498,101.179635
18/1/2026,6:57:1,14.214501,101.179642
18/1/2026,6:57:2,14.214507,101.179649
18/1/2026,6:57:3,14.214514,101.179652
18/1/2026,6:57:4,14.214519,101.179654
18/1/2026,6:57:5,14.214526,101.179657
18/1/2026,6:57:6,14.214531,101.179658
18/1/2026,6:57:7,14.214535,101.179656
18/1/2026,6:57:8,14.214539,101.17965
18/1/2026,6:57:9,14.214543,101.179644
18/1/2026,6:57:10,14.214544,101.179638
18/1/2026,6:57:11,14.214544,101.179632
18/1/2026,6:57:12,14.214544,101.179627
18/1/2026,6:57:13,14.214546,101.179621
18/1/2026,6:57:14,14.21455,101.179617
18/1/2026,6:57:15,14.214556,101.179614
18/1/2026,6:57:16,14.214563,101.179611
18/1/2026,6:57:17,14.214566,101.179609
18/1/2026,6:57:18,14.214571,101.179603
18/1/2026,6:57:19,14.214574,101.179594
18/1/2026,6:57:20,14.214574,101.179586
18/1/2026,6:57:21,14.214577,101.179578
18/1/2026,6:57:22,14.214582,101.179571
18/1/2026,6:57:23,14.214586,101.179565
18/1/2026,6:57:24,14.21459,101.179559
18/1/2026,6:57:25,14.214595,101.179554
18/1/2026,6:57:26,14.214598,101.179548
18/1/2026,6:57:27,14.214602,101.179543
18/1/2026,6:57:28,14.214606,101.179536
18/1/2026,6:57:29,14.214609,101.179529
18/1/2026,6:57:30,14.214612,101.179522
18/1/2026,6:57:31,14.214618,101.179513
18/1/2026,6:57:32,14.214621,101.179505
18/1/2026,6:57:33,14.214622,101.179498
18/1/2026,6:57:34,14.214624,101.179491
18/1/2026,6:57:35,14.214626,101.179483
18/1/2026,6:57:36,14.214627,101.179475
18/1/2026,6:57:37,14.214629,101.179468
18/1/2026,6:57:38,14.214625,101.179456
18/1/2026,6:57:39,14.214624,101.179447
18/1/2026,6:57:40,14.214625,101.179439
18/1/2026,6:57:41,14.214629,101.179432
18/1/2026,6:57:42,14.214635,101.179425
18/1/2026,6:57:43,14.214638,101.17942
18/1/2026,6:57:44,14.214641,101.179414
18/1/2026,6:57:45,14.214644,101.179407
18/1/2026,6:57:46,14.214647,101.179399
18/1/2026,6:57:47,14.21465,101.179393
18/1/2026,6:57:48,14.214653,101.179385
18/1/2026,6:57:49,14.214653,101.179377
18/1/2026,6:57:50,14.214652,101.179371
18/1/2026,6:57:51,14.214651,101.179362
18/1/2026,6:57:52,14.21465,101.179355
18/1/2026,6:57:53,14.21465,101.179348
18/1/2026,6:57:54,14.214653,101.179339
18/1/2026,6:57:55,14.214656,101.179331
18/1/2026,6:57:56,14.214658,101.179325
18/1/2026,6:57:57,14.214661,101.179318
18/1/2026,6:57:58,14.214663,101.17931
18/1/2026,6:57:59,14.214667,101.179304
18/1/2026,6:58:0,14.21467,101.179298
18/1/2026,6:58:1,14.214671,101.179289
18/1/2026,6:58:2,14.214669,101.179283
18/1/2026,6:58:3,14.214669,101.179278
18/1/2026,6:58:4,14.214668,101.17927
18/1/2026,6:58:5,14.214665,101.179265
18/1/2026,6:58:6,14.214661,101.179259
18/1/2026,6:58:7,14.214657,101.179253
18/1/2026,6:58:8,14.214649,101.179249
18/1/2026,6:58:9,14.214645,101.179244
18/1/2026,6:58:10,14.214642,101.179237
18/1/2026,6:58:11,14.214637,101.179231
18/1/2026,6:58:12,14.214632,101.179226
18/1/2026,6:58:13,14.214628,101.17922
18/1/2026,6:58:14,14.214621,101.179217
18/1/2026,6:58:15,14.214615,101.179217
18/1/2026,6:58:16,14.214609,101.179214
18/1/2026,6:58:17,14.214604,101.179217
18/1/2026,6:58:18,14.214599,101.17922
18/1/2026,6:58:19,14.21459,101.179221
18/1/2026,6:58:20,14.214583,101.179219
18/1/2026,6:58:21,14.214578,101.179215
18/1/2026,6:58:22,14.214572,101.179211
18/1/2026,6:58:23,14.214563,101.179209
18/1/2026,6:58:24,14.214555,101.179207
18/1/2026,6:58:25,14.214549,101.179206
18/1/2026,6:58:26,14.214542,101.179205
18/1/2026,6:58:27,14.214537,101.179205
18/1/2026,6:58:28,14.214532,101.179206
18/1/2026,6:58:29,14.214526,101.179205
18/1/2026,6:58:30,14.214519,101.179203
18/1/2026,6:58:31,14.214512,101.179201
18/1/2026,6:58:32,14.214501,101.179199
18/1/2026,6:58:33,14.214495,101.179195
18/1/2026,6:58:34,14.214489,101.179188
18/1/2026,6:58:35,14.214485,101.179181
18/1/2026,6:58:36,14.214481,101.179175
18/1/2026,6:58:37,14.214481,101.179167
18/1/2026,6:58:38,14.214479,101.179159
18/1/2026,6:58:39,14.214474,101.179153
18/1/2026,6:58:40,14.21447,101.179149
18/1/2026,6:58:41,14.214465,101.179142
18/1/2026,6:58:42,14.21446,101.179134
18/1/2026,6:58:43,14.214456,101.179127
18/1/2026,6:58:44,14.214453,101.179121
18/1/2026,6:58:45,14.214449,101.179113
18/1/2026,6:58:46,14.214444,101.179108
18/1/2026,6:58:47,14.214439,101.179103
18/1/2026,6:58:48,14.214434,101.179097
18/1/2026,6:58:49,14.214427,101.179092
18/1/2026,6:58:50,14.21442,101.17909
18/1/2026,6:58:51,14.214413,101.179087
18/1/2026,6:58:52,14.214405,101.179084
18/1/2026,6:58:53,14.214395,101.179078
18/1/2026,6:58:54,14.214387,101.179073
18/1/2026,6:58:55,14.214384,101.179067
18/1/2026,6:58:56,14.214381,101.179059
18/1/2026,6:58:57,14.214376,101.179051
18/1/2026,6:58:58,14.214371,101.179046
18/1/2026,6:58:59,14.214365,101.179041
18/1/2026,6:59:0,14.214358,101.179037
18/1/2026,6:59:1,14.214351,101.179034
18/1/2026,6:59:2,14.214344,101.17903
18/1/2026,6:59:3,14.214338,101.179025
18/1/2026,6:59:4,14.21433,101.179018
18/1/2026,6:59:5,14.214321,101.179013
18/1/2026,6:59:6,14.214314,101.179009
18/1/2026,6:59:7,14.214308,101.179003
18/1/2026,6:59:8,14.214303,101.178998
18/1/2026,6:59:9,14.214295,101.178991
18/1/2026,6:59:10,14.21429,101.178989
18/1/2026,6:59:11,14.214283,101.178986
18/1/2026,6:59:12,14.214277,101.178981
18/1/2026,6:59:13,14.21427,101.178978
18/1/2026,6:59:14,14.214263,101.178976
18/1/2026,6:59:15,14.214254,101.178972
18/1/2026,6:59:16,14.214246,101.178968
18/1/2026,6:59:17,14.214241,101.178965
18/1/2026,6:59:18,14.214235,101.178961
18/1/2026,6:59:19,14.214226,101.17896
18/1/2026,6:59:20,14.214221,101.178959
18/1/2026,6:59:21,14.214218,101.178961
18/1/2026,6:59:22,14.214218,101.178963
18/1/2026,6:59:23,14.214217,101.178965
18/1/2026,6:59:24,14.214217,101.178966
18/1/2026,6:59:25,14.214221,101.178966
18/1/2026,6:59:26,14.214226,101.178968
18/1/2026,6:59:27,14.214232,101.178967
18/1/2026,6:59:28,14.214236,101.178968
18/1/2026,6:59:29,14.214239,101.178968
18/1/2026,6:59:30,14.214237,101.17897
18/1/2026,6:59:31,14.214238,101.178973
18/1/2026,6:59:32,14.214237,101.178978
18/1/2026,6:59:33,14.214235,101.178981
18/1/2026,6:59:34,14.214236,101.178981
18/1/2026,6:59:35,14.214237,101.17898
18/1/2026,6:59:36,14.214237,101.17898
18/1/2026,6:59:37,14.214238,101.178978
18/1/2026,6:59:38,14.214239,101.178978
18/1/2026,6:59:39,14.21424,101.178981
18/1/2026,6:59:40,14.21424,101.178989
18/1/2026,6:59:41,14.214244,101.178995
18/1/2026,6:59:42,14.214249,101.178998
18/1/2026,6:59:43,14.214254,101.179003
18/1/2026,6:59:44,14.214258,101.179007
18/1/2026,6:59:45,14.214263,101.179015
18/1/2026,6:59:46,14.214262,101.179023
18/1/2026,6:59:47,14.214257,101.179032
18/1/2026,6:59:48,14.214251,101.179039
18/1/2026,6:59:49,14.214252,101.17904
18/1/2026,6:59:50,14.214254,101.179041
18/1/2026,6:59:51,14.21426,101.17904
18/1/2026,6:59:52,14.214263,101.17904
18/1/2026,6:59:53,14.21427,101.179042
18/1/2026,6:59:54,14.214277,101.179041
18/1/2026,6:59:55,14.214285,101.17904
18/1/2026,6:59:56,14.214288,101.17904
18/1/2026,6:59:57,14.214294,101.179037
18/1/2026,6:59:58,14.214299,101.179033
18/1/2026,6:59:59,14.214304,101.17903
18/1/2026,7:0:0,14.214309,101.179026
18/1/2026,7:0:1,14.214315,101.179022
18/1/2026,7:0:2,14.214321,101.179017
18/1/2026,7:0:3,14.214326,101.17901
18/1/2026,7:0:4,14.214331,101.179003
18/1/2026,7:0:5,14.214333,101.178997
18/1/2026,7:0:6,14.214338,101.178991
18/1/2026,7:0:7,14.214343,101.178983
18/1/2026,7:0:8,14.214346,101.178977
18/1/2026,7:0:9,14.214352,101.178971
18/1/2026,7:0:10,14.214358,101.178963
18/1/2026,7:0:11,14.214361,101.178958
18/1/2026,7:0:12,14.214366,101.178954
18/1/2026,7:0:13,14.214375,101.178952
18/1/2026,7:0:14,14.214383,101.178952
18/1/2026,7:0:15,14.214387,101.17895
18/1/2026,7:0:16,14.214392,101.178947
18/1/2026,7:0:17,14.214396,101.178942
18/1/2026,7:0:18,14.214399,101.178939
18/1/2026,7:0:19,14.2144,101.178939
18/1/2026,7:0:20,14.214406,101.178933
18/1/2026,7:0:21,14.214412,101.178926
18/1/2026,7:0:22,14.214415,101.178922
18/1/2026,7:0:23,14.214418,101.178919
18/1/2026,7:0:24,14.214422,101.178912
18/1/2026,7:0:25,14.214426,101.178907
18/1/2026,7:0:26,14.214432,101.178902
18/1/2026,7:0:27,14.21444,101.178897
18/1/2026,7:0:28,14.214448,101.178891
18/1/2026,7:0:29,14.214453,101.17889
18/1/2026,7:0:30,14.214456,101.17889
18/1/2026,7:0:31,14.214456,101.178895
18/1/2026,7:0:32,14.214456,101.178893
